{
  "id": {
    "x": [
      0.004851503297686577,
      1.2505861520767212
    ],
    "z": [
      -2.458124876022339,
      0.9350000023841858
    ],
    "slices": [
      -2.1159799098968506,
      -1.4420241117477417,
      -0.7616013288497925,
      -0.057144228368997574,
      0.5948559045791626
    ]
  },
  "ood": {
    "x": [
      0.004060660023242235,
      1.2503180503845215
    ],
    "z": [
      0.0007336963899433613,
      3.3949997425079346
    ],
    "slices": [
      0.3401038646697998,
      1.0173951387405396,
      1.6988475322723389,
      2.4147305488586426,
      3.0551233291625977
    ]
  }
}