{
  "id": {
    "x": [
      0.004001394379884005,
      1.250319004058838
    ],
    "z": [
      0.0007336913840845227,
      3.3949997425079346
    ],
    "slices": [
      0.3251224089281993,
      0.4797978239161216,
      0.6731420926510245,
      2.1812273887832667,
      2.3359028037711886
    ]
  },
  "ood": {
    "x": [
      0.004851503297686577,
      1.2505861520767212
    ],
    "z": [
      -2.458124876022339,
      0.9350000023841858
    ],
    "slices": [
      -2.133845219921462,
      -2.0178776607860494,
      -0.9355137755221958,
      -0.2783642737548564,
      -0.12374086157430586
    ]
  }
}