{
  "id": {
    "x": [
      0.004001394379884005,
      1.250319004058838
    ],
    "z": [
      0.0007336913840845227,
      3.3949997425079346
    ],
    "slices": [
      0.20130395804140294,
      0.3247318144459066,
      0.509873599052662,
      0.6641584195582916,
      0.8493002041650471,
      1.0344419887718026,
      1.7132951989965726,
      2.207006624614587,
      2.3612914451202163,
      2.4538623374235944
    ]
  },
  "ood": {
    "x": [
      0.004851503297686577,
      1.2505861520767212
    ],
    "z": [
      -2.458124876022339,
      0.9350000023841858
    ],
    "slices": [
      -2.134235683083534,
      -2.041695913672447,
      -1.6098436564207077,
      -1.4247641175985335,
      -1.1779913991689681,
      -0.9312186807394027,
      -0.6535993725061415,
      -0.28344029486179334,
      -0.12920734584331495,
      -0.005820986628532587
    ]
  }
}