{
  "id": {
    "x": [
      0.004001394379884005,
      1.250319004058838
    ],
    "z": [
      0.0007336913840845227,
      3.3949997425079346
    ],
    "slices": [
      0.34016029649646956,
      1.0190135067212396,
      1.6978667169460095,
      2.3767199271707793,
      3.0555731373955495
    ]
  },
  "ood": {
    "x": [
      0.004851503297686577,
      1.2505861520767212
    ],
    "z": [
      -2.458124876022339,
      0.9350000023841858
    ],
    "slices": [
      -2.1188123881816865,
      -1.4401874125003815,
      -0.7615624368190765,
      -0.08293746113777134,
      0.5956875145435334
    ]
  }
}