{
  "id": {
    "x": [
      0.004001394379884005,
      1.250319004058838
    ],
    "z": [
      0.0007336913840845227,
      3.3949997425079346
    ],
    "slices": [
      1.6451970713251223,
      1.9612149450504461,
      2.593250692501094,
      3.0146078574681927,
      3.225286439951742
    ]
  },
  "ood": {
    "x": [
      0.004851503297686577,
      1.2505861520767212
    ],
    "z": [
      -2.458124876022339,
      0.9350000023841858
    ],
    "slices": [
      -1.9725570054917498,
      -1.446037627807979,
      -1.2354298767344705,
      -0.7089104990506994,
      -0.18239112136692848
    ]
  }
}